covid19genome_0-200_s0_M1F	covid19genome_200-29703_s7490_U_88R
covid19genome_0-200_s0_M2F	covid19genome_200-29703_s7490_U_88R
covid19genome_200-29703_s7490_U_88F	covid19genome_200-29703_s7490_U_88R
covid19genome_200-29703_s7490_U_87F	covid19genome_200-29703_s7490_U_87R
covid19genome_200-29703_s7490_U_86F	covid19genome_200-29703_s7490_U_86R
covid19genome_200-29703_s7490_U_85F	covid19genome_200-29703_s7490_U_85R
covid19genome_200-29703_s7490_U_84F	covid19genome_200-29703_s7490_U_84R
covid19genome_200-29703_s7490_U_83F	covid19genome_200-29703_s7490_U_83R
covid19genome_200-29703_s7490_U_82F	covid19genome_200-29703_s7490_U_82R
covid19genome_200-29703_s7490_U_81F	covid19genome_200-29703_s7490_U_81R
covid19genome_200-29703_s7490_U_80F	covid19genome_200-29703_s7490_U_80R
covid19genome_200-29703_s7490_U_79F	covid19genome_200-29703_s7490_U_79R
covid19genome_200-29703_s7490_U_78F	covid19genome_200-29703_s7490_U_78R
covid19genome_200-29703_s7490_U_77F	covid19genome_200-29703_s7490_U_77R
covid19genome_200-29703_s7490_U_76F	covid19genome_200-29703_s7490_U_76R
covid19genome_200-29703_s7490_U_75F	covid19genome_200-29703_s7490_U_75R
covid19genome_200-29703_s7490_U_74F	covid19genome_200-29703_s7490_U_74R
covid19genome_200-29703_s7490_U_73F	covid19genome_200-29703_s7490_U_73R
covid19genome_200-29703_s7490_U_72F	covid19genome_200-29703_s7490_U_72R
covid19genome_200-29703_s7490_U_71F	covid19genome_200-29703_s7490_U_71R
covid19genome_200-29703_s7490_U_70F	covid19genome_200-29703_s7490_U_70R
covid19genome_200-29703_s7490_U_69F	covid19genome_200-29703_s7490_U_69R
covid19genome_200-29703_s7490_U_68F	covid19genome_200-29703_s7490_U_68R
covid19genome_200-29703_s7490_U_67F	covid19genome_200-29703_s7490_U_67R
covid19genome_200-29703_s7490_U_66F	covid19genome_200-29703_s7490_U_66R
covid19genome_200-29703_s7490_U_65F	covid19genome_200-29703_s7490_U_65R
covid19genome_200-29703_s7490_U_64F	covid19genome_200-29703_s7490_U_64R
covid19genome_200-29703_s7490_U_63F	covid19genome_200-29703_s7490_U_63R
covid19genome_200-29703_s7490_U_62F	covid19genome_200-29703_s7490_U_62R
covid19genome_200-29703_s7490_U_61F	covid19genome_200-29703_s7490_U_61R
covid19genome_200-29703_s7490_U_60F	covid19genome_200-29703_s7490_U_60R
covid19genome_200-29703_s7490_U_59F	covid19genome_200-29703_s7490_U_59R
covid19genome_200-29703_s7490_U_58F	covid19genome_200-29703_s7490_U_58R
covid19genome_200-29703_s7490_U_57F	covid19genome_200-29703_s7490_U_57R
covid19genome_200-29703_s7490_U_56F	covid19genome_200-29703_s7490_U_56R
covid19genome_200-29703_s7490_U_55F	covid19genome_200-29703_s7490_U_55R
covid19genome_200-29703_s7490_U_54F	covid19genome_200-29703_s7490_U_54R
covid19genome_200-29703_s7490_U_53F	covid19genome_200-29703_s7490_U_53R
covid19genome_200-29703_s7490_U_52F	covid19genome_200-29703_s7490_U_52R
covid19genome_200-29703_s7490_U_51F	covid19genome_200-29703_s7490_U_51R
covid19genome_200-29703_s7490_U_50F	covid19genome_200-29703_s7490_U_50R
covid19genome_200-29703_s7490_U_49F	covid19genome_200-29703_s7490_U_49R
covid19genome_200-29703_s7490_U_48F	covid19genome_200-29703_s7490_U_48R
covid19genome_200-29703_s7490_U_47F	covid19genome_200-29703_s7490_U_47R
covid19genome_200-29703_s7490_U_46F	covid19genome_200-29703_s7490_U_46R
covid19genome_200-29703_s7490_U_45F	covid19genome_200-29703_s7490_U_45R
covid19genome_200-29703_s7490_U_44F	covid19genome_200-29703_s7490_U_44R
covid19genome_200-29703_s7490_U_43F	covid19genome_200-29703_s7490_U_43R
covid19genome_200-29703_s7490_U_42F	covid19genome_200-29703_s7490_U_42R
covid19genome_200-29703_s7490_U_41F	covid19genome_200-29703_s7490_U_41R
covid19genome_200-29703_s7490_U_40F	covid19genome_200-29703_s7490_U_40R
covid19genome_200-29703_s7490_U_39F	covid19genome_200-29703_s7490_U_39R
covid19genome_200-29703_s7490_U_38F	covid19genome_200-29703_s7490_U_38R
covid19genome_200-29703_s7490_U_37F	covid19genome_200-29703_s7490_U_37R
covid19genome_200-29703_s7490_U_36F	covid19genome_200-29703_s7490_U_36R
covid19genome_200-29703_s7490_U_35F	covid19genome_200-29703_s7490_U_35R
covid19genome_200-29703_s7490_U_34F	covid19genome_200-29703_s7490_U_34R
covid19genome_200-29703_s7490_U_33F	covid19genome_200-29703_s7490_U_33R
covid19genome_200-29703_s7490_U_32F	covid19genome_200-29703_s7490_U_32R
covid19genome_200-29703_s7490_U_31F	covid19genome_200-29703_s7490_U_31R
covid19genome_200-29703_s7490_U_30F	covid19genome_200-29703_s7490_U_30R
covid19genome_200-29703_s7490_U_29F	covid19genome_200-29703_s7490_U_29R
covid19genome_200-29703_s7490_U_28F	covid19genome_200-29703_s7490_U_28R
covid19genome_200-29703_s7490_U_27F	covid19genome_200-29703_s7490_U_27R
covid19genome_200-29703_s7490_U_26F	covid19genome_200-29703_s7490_U_26R
covid19genome_200-29703_s7490_U_25F	covid19genome_200-29703_s7490_U_25R
covid19genome_200-29703_s7490_U_24F	covid19genome_200-29703_s7490_U_24R
covid19genome_200-29703_s7490_U_23F	covid19genome_200-29703_s7490_U_23R
covid19genome_200-29703_s7490_U_22F	covid19genome_200-29703_s7490_U_22R
covid19genome_200-29703_s7490_U_21F	covid19genome_200-29703_s7490_U_21R
covid19genome_200-29703_s7490_U_20F	covid19genome_200-29703_s7490_U_20R
covid19genome_200-29703_s7490_U_19F	covid19genome_200-29703_s7490_U_19R
covid19genome_200-29703_s7490_U_18F	covid19genome_200-29703_s7490_U_18R
covid19genome_200-29703_s7490_U_17F	covid19genome_200-29703_s7490_U_17R
covid19genome_200-29703_s7490_U_16F	covid19genome_200-29703_s7490_U_16R
covid19genome_200-29703_s7490_U_15F	covid19genome_200-29703_s7490_U_15R
covid19genome_200-29703_s7490_U_14F	covid19genome_200-29703_s7490_U_14R
covid19genome_200-29703_s7490_U_13F	covid19genome_200-29703_s7490_U_13R
covid19genome_200-29703_s7490_U_12F	covid19genome_200-29703_s7490_U_12R
covid19genome_200-29703_s7490_U_11F	covid19genome_200-29703_s7490_U_11R
covid19genome_200-29703_s7490_U_10F	covid19genome_200-29703_s7490_U_10R
covid19genome_200-29703_s7490_U_9F	covid19genome_200-29703_s7490_U_9R
covid19genome_200-29703_s7490_U_8F	covid19genome_200-29703_s7490_U_8R
covid19genome_200-29703_s7490_U_7F	covid19genome_200-29703_s7490_U_7R
covid19genome_200-29703_s7490_U_6F	covid19genome_200-29703_s7490_U_6R
covid19genome_200-29703_s7490_U_5F	covid19genome_200-29703_s7490_U_5R
covid19genome_200-29703_s7490_U_4F	covid19genome_200-29703_s7490_U_4R
covid19genome_200-29703_s7490_U_3F	covid19genome_200-29703_s7490_U_3R
covid19genome_200-29703_s7490_U_2F	covid19genome_200-29703_s7490_U_2R
covid19genome_200-29703_s7490_1F	covid19genome_200-29703_s7490_1R
covid19genome_200-29703_s7490_D_2F	covid19genome_200-29703_s7490_D_2R
covid19genome_200-29703_s15860_U_100F	covid19genome_200-29703_s15860_U_100R
covid19genome_200-29703_s15860_U_99F	covid19genome_200-29703_s15860_U_99R
covid19genome_200-29703_s15860_U_98F	covid19genome_200-29703_s15860_U_98R
covid19genome_200-29703_s15860_U_97F	covid19genome_200-29703_s15860_U_97R
covid19genome_200-29703_s15860_U_96F	covid19genome_200-29703_s15860_U_96R
covid19genome_200-29703_s15860_U_95F	covid19genome_200-29703_s15860_U_95R
covid19genome_200-29703_s15860_U_94F	covid19genome_200-29703_s15860_U_94R
covid19genome_200-29703_s15860_U_93F	covid19genome_200-29703_s15860_U_93R
covid19genome_200-29703_s15860_U_92F	covid19genome_200-29703_s15860_U_92R
covid19genome_200-29703_s15860_U_91F	covid19genome_200-29703_s15860_U_91R
covid19genome_200-29703_s15860_U_90F	covid19genome_200-29703_s15860_U_90R
covid19genome_200-29703_s15860_U_89F	covid19genome_200-29703_s15860_U_89R
covid19genome_200-29703_s15860_U_88F	covid19genome_200-29703_s15860_U_88R
covid19genome_200-29703_s15860_U_87F	covid19genome_200-29703_s15860_U_87R
covid19genome_200-29703_s15860_U_86F	covid19genome_200-29703_s15860_U_86R
covid19genome_200-29703_s15860_U_85F	covid19genome_200-29703_s15860_U_85R
covid19genome_200-29703_s15860_U_84F	covid19genome_200-29703_s15860_U_84R
covid19genome_200-29703_s15860_U_83F	covid19genome_200-29703_s15860_U_83R
covid19genome_200-29703_s15860_U_82F	covid19genome_200-29703_s15860_U_82R
covid19genome_200-29703_s15860_U_81F	covid19genome_200-29703_s15860_U_81R
covid19genome_200-29703_s15860_U_80F	covid19genome_200-29703_s15860_U_80R
covid19genome_200-29703_s15860_U_79F	covid19genome_200-29703_s15860_U_79R
covid19genome_200-29703_s15860_U_78F	covid19genome_200-29703_s15860_U_78R
covid19genome_200-29703_s15860_U_77F	covid19genome_200-29703_s15860_U_77R
covid19genome_200-29703_s15860_U_76F	covid19genome_200-29703_s15860_U_76R
covid19genome_200-29703_s15860_U_75F	covid19genome_200-29703_s15860_U_75R
covid19genome_200-29703_s15860_U_74F	covid19genome_200-29703_s15860_U_74R
covid19genome_200-29703_s15860_U_73F	covid19genome_200-29703_s15860_U_73R
covid19genome_200-29703_s15860_U_72F	covid19genome_200-29703_s15860_U_72R
covid19genome_200-29703_s15860_U_71F	covid19genome_200-29703_s15860_U_71R
covid19genome_200-29703_s15860_U_70F	covid19genome_200-29703_s15860_U_70R
covid19genome_200-29703_s15860_U_69F	covid19genome_200-29703_s15860_U_69R
covid19genome_200-29703_s15860_U_68F	covid19genome_200-29703_s15860_U_68R
covid19genome_200-29703_s15860_U_67F	covid19genome_200-29703_s15860_U_67R
covid19genome_200-29703_s15860_U_66F	covid19genome_200-29703_s15860_U_66R
covid19genome_200-29703_s15860_U_65F	covid19genome_200-29703_s15860_U_65R
covid19genome_200-29703_s15860_U_64F	covid19genome_200-29703_s15860_U_64R
covid19genome_200-29703_s15860_U_63F	covid19genome_200-29703_s15860_U_63R
covid19genome_200-29703_s15860_U_62F	covid19genome_200-29703_s15860_U_62R
covid19genome_200-29703_s15860_U_61F	covid19genome_200-29703_s15860_U_61R
covid19genome_200-29703_s15860_U_60F	covid19genome_200-29703_s15860_U_60R
covid19genome_200-29703_s15860_U_59F	covid19genome_200-29703_s15860_U_59R
covid19genome_200-29703_s15860_U_58F	covid19genome_200-29703_s15860_U_58R
covid19genome_200-29703_s15860_U_57F	covid19genome_200-29703_s15860_U_57R
covid19genome_200-29703_s15860_U_56F	covid19genome_200-29703_s15860_U_56R
covid19genome_200-29703_s15860_U_55F	covid19genome_200-29703_s15860_U_55R
covid19genome_200-29703_s15860_U_54F	covid19genome_200-29703_s15860_U_54R
covid19genome_200-29703_s15860_U_53F	covid19genome_200-29703_s15860_U_53R
covid19genome_200-29703_s15860_U_52F	covid19genome_200-29703_s15860_U_52R
covid19genome_200-29703_s15860_U_51F	covid19genome_200-29703_s15860_U_51R
covid19genome_200-29703_s15860_U_50F	covid19genome_200-29703_s15860_U_50R
covid19genome_200-29703_s15860_U_49F	covid19genome_200-29703_s15860_U_49R
covid19genome_200-29703_s15860_U_48F	covid19genome_200-29703_s15860_U_48R
covid19genome_200-29703_s15860_U_47F	covid19genome_200-29703_s15860_U_47R
covid19genome_200-29703_s15860_U_46F	covid19genome_200-29703_s15860_U_46R
covid19genome_200-29703_s15860_U_45F	covid19genome_200-29703_s15860_U_45R
covid19genome_200-29703_s15860_U_44F	covid19genome_200-29703_s15860_U_44R
covid19genome_200-29703_s15860_U_43F	covid19genome_200-29703_s15860_U_43R
covid19genome_200-29703_s15860_U_42F	covid19genome_200-29703_s15860_U_42R
covid19genome_200-29703_s15860_U_41F	covid19genome_200-29703_s15860_U_41R
covid19genome_200-29703_s15860_U_40F	covid19genome_200-29703_s15860_U_40R
covid19genome_200-29703_s15860_U_39F	covid19genome_200-29703_s15860_U_39R
covid19genome_200-29703_s15860_U_38F	covid19genome_200-29703_s15860_U_38R
covid19genome_200-29703_s15860_U_37F	covid19genome_200-29703_s15860_U_37R
covid19genome_200-29703_s15860_U_36F	covid19genome_200-29703_s15860_U_36R
covid19genome_200-29703_s15860_U_35F	covid19genome_200-29703_s15860_U_35R
covid19genome_200-29703_s15860_U_34F	covid19genome_200-29703_s15860_U_34R
covid19genome_200-29703_s15860_U_33F	covid19genome_200-29703_s15860_U_33R
covid19genome_200-29703_s15860_U_32F	covid19genome_200-29703_s15860_U_32R
covid19genome_200-29703_s15860_U_31F	covid19genome_200-29703_s15860_U_31R
covid19genome_200-29703_s15860_U_30F	covid19genome_200-29703_s15860_U_30R
covid19genome_200-29703_s15860_U_29F	covid19genome_200-29703_s15860_U_29R
covid19genome_200-29703_s15860_U_28F	covid19genome_200-29703_s15860_U_28R
covid19genome_200-29703_s15860_U_27F	covid19genome_200-29703_s15860_U_27R
covid19genome_200-29703_s15860_U_26F	covid19genome_200-29703_s15860_U_26R
covid19genome_200-29703_s15860_U_25F	covid19genome_200-29703_s15860_U_25R
covid19genome_200-29703_s15860_U_24F	covid19genome_200-29703_s15860_U_24R
covid19genome_200-29703_s15860_U_23F	covid19genome_200-29703_s15860_U_23R
covid19genome_200-29703_s15860_U_22F	covid19genome_200-29703_s15860_U_22R
covid19genome_200-29703_s15860_U_21F	covid19genome_200-29703_s15860_U_21R
covid19genome_200-29703_s15860_U_20F	covid19genome_200-29703_s15860_U_20R
covid19genome_200-29703_s15860_U_19F	covid19genome_200-29703_s15860_U_19R
covid19genome_200-29703_s15860_U_18F	covid19genome_200-29703_s15860_U_18R
covid19genome_200-29703_s15860_U_17F	covid19genome_200-29703_s15860_U_17R
covid19genome_200-29703_s15860_U_16F	covid19genome_200-29703_s15860_U_16R
covid19genome_200-29703_s15860_U_15F	covid19genome_200-29703_s15860_U_15R
covid19genome_200-29703_s15860_U_14F	covid19genome_200-29703_s15860_U_14R
covid19genome_200-29703_s15860_U_13F	covid19genome_200-29703_s15860_U_13R
covid19genome_200-29703_s15860_U_12F	covid19genome_200-29703_s15860_U_12R
covid19genome_200-29703_s15860_U_11F	covid19genome_200-29703_s15860_U_11R
covid19genome_200-29703_s15860_U_10F	covid19genome_200-29703_s15860_U_10R
covid19genome_200-29703_s15860_U_9F	covid19genome_200-29703_s15860_U_9R
covid19genome_200-29703_s15860_U_8F	covid19genome_200-29703_s15860_U_8R
covid19genome_200-29703_s15860_U_7F	covid19genome_200-29703_s15860_U_7R
covid19genome_200-29703_s15860_U_6F	covid19genome_200-29703_s15860_U_6R
covid19genome_200-29703_s15860_U_5F	covid19genome_200-29703_s15860_U_5R
covid19genome_200-29703_s15860_U_4F	covid19genome_200-29703_s15860_U_4R
covid19genome_200-29703_s15860_U_3F	covid19genome_200-29703_s15860_U_3R
covid19genome_200-29703_s15860_U_2F	covid19genome_200-29703_s15860_U_2R
covid19genome_200-29703_s15860_1F	covid19genome_200-29703_s15860_1R
covid19genome_200-29703_s15860_D_2F	covid19genome_200-29703_s15860_D_2R
covid19genome_200-29703_s16175_U_2F	covid19genome_200-29703_s16175_U_2R
covid19genome_200-29703_s16175_1F	covid19genome_200-29703_s16175_1R
covid19genome_200-29703_s16175_D_2F	covid19genome_200-29703_s16175_D_2R
covid19genome_200-29703_s16175_D_3F	covid19genome_200-29703_s16175_D_3R
covid19genome_200-29703_s16175_D_4F	covid19genome_200-29703_s16175_D_4R
covid19genome_200-29703_s16175_D_5F	covid19genome_200-29703_s16175_D_5R
covid19genome_200-29703_s16175_D_6F	covid19genome_200-29703_s16175_D_6R
covid19genome_200-29703_s16175_D_7F	covid19genome_200-29703_s16175_D_7R
covid19genome_200-29703_s16175_D_8F	covid19genome_200-29703_s16175_D_8R
covid19genome_200-29703_s16175_D_9F	covid19genome_200-29703_s16175_D_9R
covid19genome_200-29703_s16175_D_10F	covid19genome_200-29703_s16175_D_10R
covid19genome_200-29703_s16175_D_11F	covid19genome_200-29703_s16175_D_11R
covid19genome_200-29703_s16175_D_12F	covid19genome_200-29703_s16175_D_12R
covid19genome_200-29703_s16175_D_13F	covid19genome_200-29703_s16175_D_13R
covid19genome_200-29703_s16175_D_14F	covid19genome_200-29703_s16175_D_14R
covid19genome_200-29703_s16175_D_15F	covid19genome_200-29703_s16175_D_15R
covid19genome_200-29703_s16175_D_16F	covid19genome_200-29703_s16175_D_16R
covid19genome_200-29703_s16175_D_17F	covid19genome_200-29703_s16175_D_17R
covid19genome_200-29703_s16175_D_18F	covid19genome_200-29703_s16175_D_18R
covid19genome_200-29703_s16175_D_19F	covid19genome_200-29703_s16175_D_19R
covid19genome_200-29703_s16175_D_20F	covid19genome_200-29703_s16175_D_20R
covid19genome_200-29703_s16175_D_21F	covid19genome_200-29703_s16175_D_21R
covid19genome_200-29703_s16175_D_22F	covid19genome_200-29703_s16175_D_22R
covid19genome_200-29703_s16175_D_23F	covid19genome_200-29703_s16175_D_23R
covid19genome_200-29703_s16175_D_24F	covid19genome_200-29703_s16175_D_24R
covid19genome_200-29703_s16175_D_25F	covid19genome_200-29703_s16175_D_25R
covid19genome_200-29703_s16175_D_26F	covid19genome_200-29703_s16175_D_26R
covid19genome_200-29703_s16175_D_27F	covid19genome_200-29703_s16175_D_27R
covid19genome_200-29703_s16175_D_28F	covid19genome_200-29703_s16175_D_28R
covid19genome_200-29703_s16175_D_29F	covid19genome_200-29703_s16175_D_29R
covid19genome_200-29703_s16175_D_30F	covid19genome_200-29703_s16175_D_30R
covid19genome_200-29703_s16175_D_31F	covid19genome_200-29703_s16175_D_31R
covid19genome_200-29703_s16175_D_32F	covid19genome_200-29703_s16175_D_32R
covid19genome_200-29703_s16175_D_33F	covid19genome_200-29703_s16175_D_33R
covid19genome_200-29703_s16175_D_34F	covid19genome_200-29703_s16175_D_34R
covid19genome_200-29703_s16175_D_35F	covid19genome_200-29703_s16175_D_35R
covid19genome_200-29703_s16175_D_36F	covid19genome_200-29703_s16175_D_36R
covid19genome_200-29703_s16175_D_37F	covid19genome_200-29703_s16175_D_37R
covid19genome_200-29703_s16175_D_38F	covid19genome_200-29703_s16175_D_38R
covid19genome_200-29703_s16175_D_39F	covid19genome_200-29703_s16175_D_39R
covid19genome_200-29703_s16175_D_40F	covid19genome_200-29703_s16175_D_40R
covid19genome_200-29703_s16175_D_41F	covid19genome_200-29703_s16175_D_41R
covid19genome_200-29703_s16175_D_42F	covid19genome_200-29703_s16175_D_42R
covid19genome_200-29703_s16175_D_43F	covid19genome_200-29703_s16175_D_43R
covid19genome_200-29703_s16175_D_44F	covid19genome_200-29703_s16175_D_44R
covid19genome_200-29703_s16175_D_45F	covid19genome_200-29703_s16175_D_45R
covid19genome_200-29703_s16175_D_46F	covid19genome_200-29703_s16175_D_46R
covid19genome_200-29703_s16175_D_47F	covid19genome_200-29703_s16175_D_47R
covid19genome_200-29703_s16175_D_48F	covid19genome_200-29703_s16175_D_48R
covid19genome_200-29703_s16175_D_49F	covid19genome_200-29703_s16175_D_49R
covid19genome_200-29703_s16175_D_50F	covid19genome_200-29703_s16175_D_50R
covid19genome_200-29703_s20720_U_2F	covid19genome_200-29703_s20720_U_2R
covid19genome_200-29703_s20720_1F	covid19genome_200-29703_s20720_1R
covid19genome_200-29703_s20720_D_2F	covid19genome_200-29703_s20720_D_2R
covid19genome_200-29703_s20720_D_3F	covid19genome_200-29703_s20720_D_3R
covid19genome_200-29703_s20720_D_4F	covid19genome_200-29703_s20720_D_4R
covid19genome_200-29703_s20720_D_5F	covid19genome_200-29703_s20720_D_5R
covid19genome_200-29703_s20720_D_6F	covid19genome_200-29703_s20720_D_6R
covid19genome_200-29703_s20720_D_7F	covid19genome_200-29703_s20720_D_7R
covid19genome_200-29703_s20720_D_8F	covid19genome_200-29703_s20720_D_8R
covid19genome_200-29703_s20720_D_9F	covid19genome_200-29703_s20720_D_9R
covid19genome_200-29703_s20720_D_10F	covid19genome_200-29703_s20720_D_10R
covid19genome_200-29703_s20720_D_11F	covid19genome_200-29703_s20720_D_11R
covid19genome_200-29703_s20720_D_12F	covid19genome_200-29703_s20720_D_12R
covid19genome_200-29703_s20720_D_13F	covid19genome_200-29703_s20720_D_13R
covid19genome_200-29703_s20720_D_14F	covid19genome_200-29703_s20720_D_14R
covid19genome_200-29703_s20720_D_15F	covid19genome_200-29703_s20720_D_15R
covid19genome_200-29703_s20720_D_16F	covid19genome_200-29703_s20720_D_16R
covid19genome_200-29703_s20720_D_17F	covid19genome_200-29703_s20720_D_17R
covid19genome_200-29703_s20720_D_18F	covid19genome_200-29703_s20720_D_18R
covid19genome_200-29703_s20720_D_19F	covid19genome_200-29703_s20720_D_19R
covid19genome_200-29703_s20720_D_20F	covid19genome_200-29703_s20720_D_20R
covid19genome_200-29703_s20720_D_21F	covid19genome_200-29703_s20720_D_21R
covid19genome_200-29703_s20720_D_22F	covid19genome_200-29703_s20720_D_22R
covid19genome_200-29703_s20720_D_23F	covid19genome_200-29703_s20720_D_23R
covid19genome_200-29703_s20720_D_24F	covid19genome_200-29703_s20720_D_24R
covid19genome_200-29703_s20720_D_25F	covid19genome_200-29703_s20720_D_25R
covid19genome_200-29703_s20720_D_26F	covid19genome_200-29703_s20720_D_26R
covid19genome_200-29703_s20720_D_27F	covid19genome_200-29703_s20720_D_27R
covid19genome_200-29703_s20720_D_28F	covid19genome_200-29703_s20720_D_28R
covid19genome_200-29703_s20720_D_29F	covid19genome_200-29703_s20720_D_29R
covid19genome_200-29703_s20720_D_30F	covid19genome_200-29703_s20720_D_30R
covid19genome_200-29703_s20720_D_31F	covid19genome_200-29703_s20720_D_31R
covid19genome_200-29703_s20720_D_32F	covid19genome_200-29703_s20720_D_32R
covid19genome_200-29703_s20720_D_33F	covid19genome_200-29703_s20720_D_33R
covid19genome_200-29703_s20720_D_34F	covid19genome_200-29703_s20720_D_34R
covid19genome_200-29703_s20720_D_35F	covid19genome_200-29703_s20720_D_35R
covid19genome_200-29703_s20720_D_36F	covid19genome_200-29703_s20720_D_36R
covid19genome_200-29703_s20720_D_37F	covid19genome_200-29703_s20720_D_37R
covid19genome_200-29703_s20720_D_38F	covid19genome_200-29703_s20720_D_38R
covid19genome_200-29703_s20720_D_39F	covid19genome_200-29703_s20720_D_39R
covid19genome_200-29703_s20720_D_40F	covid19genome_200-29703_s20720_D_40R
covid19genome_200-29703_s20720_D_41F	covid19genome_200-29703_s20720_D_41R
covid19genome_200-29703_s20720_D_42F	covid19genome_200-29703_s20720_D_42R
covid19genome_200-29703_s20720_D_43F	covid19genome_200-29703_s20720_D_43R
covid19genome_200-29703_s20720_D_44F	covid19genome_200-29703_s20720_D_44R
covid19genome_200-29703_s20720_D_45F	covid19genome_200-29703_s20720_D_45R
covid19genome_200-29703_s20720_D_46F	covid19genome_200-29703_s20720_D_46R
covid19genome_200-29703_s20720_D_47F	covid19genome_200-29703_s20720_D_47R
covid19genome_200-29703_s20720_D_48F	covid19genome_200-29703_s20720_D_48R
covid19genome_200-29703_s20720_D_49F	covid19genome_200-29703_s20720_D_49R
covid19genome_200-29703_s20720_D_50F	covid19genome_200-29703_s20720_D_50R
covid19genome_200-29703_s20720_D_51F	covid19genome_200-29703_s20720_D_51R
covid19genome_200-29703_s20720_D_52F	covid19genome_200-29703_s20720_D_52R
covid19genome_200-29703_s20720_D_53F	covid19genome_200-29703_s20720_D_53R
covid19genome_200-29703_s20720_D_54F	covid19genome_200-29703_s20720_D_54R
covid19genome_200-29703_s20720_D_55F	covid19genome_200-29703_s20720_D_55R
covid19genome_200-29703_s20720_D_56F	covid19genome_200-29703_s20720_D_56R
covid19genome_200-29703_s20720_D_57F	covid19genome_200-29703_s20720_D_57R
covid19genome_200-29703_s20720_D_58F	covid19genome_200-29703_s20720_D_58R
covid19genome_200-29703_s20720_D_59F	covid19genome_200-29703_s20720_D_59R
covid19genome_200-29703_s20720_D_60F	covid19genome_200-29703_s20720_D_60R
covid19genome_200-29703_s20720_D_61F	covid19genome_200-29703_s20720_D_61R
covid19genome_200-29703_s20720_D_62F	covid19genome_200-29703_s20720_D_62R
covid19genome_200-29703_s20720_D_63F	covid19genome_200-29703_s20720_D_63R
covid19genome_200-29703_s20720_D_64F	covid19genome_200-29703_s20720_D_64R
covid19genome_200-29703_s20720_D_65F	covid19genome_200-29703_s20720_D_65R
covid19genome_200-29703_s20720_D_66F	covid19genome_200-29703_s20720_D_66R
covid19genome_200-29703_s20720_D_67F	covid19genome_200-29703_s20720_D_67R
covid19genome_200-29703_s20720_D_68F	covid19genome_200-29703_s20720_D_68R
covid19genome_200-29703_s20720_D_69F	covid19genome_200-29703_s20720_D_69R
covid19genome_200-29703_s20720_D_70F	covid19genome_200-29703_s20720_D_70R
covid19genome_200-29703_s20720_D_71F	covid19genome_200-29703_s20720_D_71R
covid19genome_200-29703_s20720_D_72F	covid19genome_200-29703_s20720_D_72R
covid19genome_200-29703_s20720_D_73F	covid19genome_200-29703_s20720_D_73R
covid19genome_200-29703_s20720_D_74F	covid19genome_200-29703_s20720_D_74R
covid19genome_200-29703_s20720_D_75F	covid19genome_200-29703_s20720_D_75R
covid19genome_200-29703_s20720_D_76F	covid19genome_200-29703_s20720_D_76R
covid19genome_200-29703_s20720_D_77F	covid19genome_200-29703_s20720_D_77R
covid19genome_200-29703_s20720_D_78F	covid19genome_200-29703_s20720_D_78R
covid19genome_200-29703_s20720_D_79F	covid19genome_200-29703_s20720_D_79R
covid19genome_200-29703_s20720_D_80F	covid19genome_200-29703_s20720_D_80R
covid19genome_200-29703_s20720_D_81F	covid19genome_200-29703_s20720_D_81R
covid19genome_200-29703_s20720_D_82F	covid19genome_200-29703_s20720_D_82R
covid19genome_200-29703_s20720_D_83F	covid19genome_200-29703_s20720_D_83R
covid19genome_200-29703_s20720_D_84F	covid19genome_200-29703_s20720_D_84R
covid19genome_200-29703_s20720_D_85F	covid19genome_200-29703_s20720_D_85R
covid19genome_200-29703_s20720_D_86F	covid19genome_200-29703_s20720_D_86R
covid19genome_200-29703_s20720_D_87F	covid19genome_200-29703_s20720_D_87R
covid19genome_200-29703_s20720_D_88F	covid19genome_200-29703_s20720_D_88R
covid19genome_200-29703_s20720_D_89F	covid19genome_200-29703_s20720_D_89R
covid19genome_200-29703_s20720_D_90F	covid19genome_200-29703_s20720_D_90R
covid19genome_200-29703_s20720_D_91F	covid19genome_200-29703_s20720_D_91R
covid19genome_200-29703_s20720_D_92F	covid19genome_200-29703_s20720_D_92R
covid19genome_200-29703_s20720_D_93F	covid19genome_200-29703_s20720_D_93R
covid19genome_200-29703_s20720_D_94F	covid19genome_200-29703_s20720_D_94R
covid19genome_200-29703_s20720_D_95F	covid19genome_200-29703_s20720_D_95R
covid19genome_200-29703_s20720_D_96F	covid19genome_200-29703_s20720_D_96R
covid19genome_200-29703_s20720_D_97F	covid19genome_200-29703_s20720_D_97R
covid19genome_200-29703_s20720_D_98F	covid19genome_200-29703_s20720_D_98R
covid19genome_200-29703_s20720_D_99F	covid19genome_200-29703_s20720_D_99R
covid19genome_200-29703_s20720_D_M_F	covid19genome_200-29703_s20720_D_M_R
